unit_id,variant,n_channels,sel_channels,threshold,recall,precision,f1,fp_rate_hz,n_test_spikes,detection_lag,interferer_ids,drift_span_um,shift_um,band_size,status
90,never_refit,5,109 108 118 119 117,1.1986822216583244,0.31970572599591857,0.0861112522459688,0.1356782091029504,219.84,58313,10,86 136 122 72 128,,,,ok
90,cheap_refit_B,5,116 117 118 119 115,1.6140860135675046,0.28148097336785965,0.16291649710672848,0.2063823366695167,93.70777777777778,58313,12,86 136 122 72 128,79.2644107240626,11.073022167410052,18,ok
90,full_refit_B,5,116 117 118 119 115,1.4712104127205023,0.30852468574760344,0.16000533617929563,0.2107254338137544,104.94333333333333,58313,12,86 136 122 72 128,79.2644107240626,11.073022167410052,,ok
122,never_refit,5,121 120 118 119 123,0.4766500465651684,0.6329180225560558,0.43290977139851666,0.514147591220391,82.66222222222223,89732,10,90 86 136 128 72,,,,ok
122,cheap_refit_B,5,121 120 122 123 118,0.5237325992119486,0.8386528774573173,0.5038059596574971,0.6294693082060868,82.35222222222222,89732,10,90 86 136 128 72,14.779491315314317,11.06216863922281,24,ok
122,full_refit_B,5,121 120 122 123 118,0.5262844515364037,0.8230397182721882,0.5011467889908257,0.6229692113032476,81.68333333333334,89732,10,90 86 136 128 72,14.779491315314317,11.06216863922281,,ok
86,never_refit,5,117 116 119 118 120,0.49672583640631707,0.9933796261728763,0.9980745186296575,0.995721538250446,0.08555555555555555,40179,10,122 90 136 128 72,,,,ok
86,cheap_refit_B,5,118 119 120 121 117,0.619433319025197,0.9930809626919536,0.9956084537265764,0.9943431020733654,0.19555555555555557,40179,10,122 90 136 128 72,8.750045255771397,11.06191949598566,24,ok
86,full_refit_B,5,118 119 120 121 117,0.5742708452091274,0.995619602279798,0.9975064209660125,0.9965621185321741,0.1111111111111111,40179,10,122 90 136 128 72,8.750045255771397,11.06191949598566,,ok
91,never_refit,5,291 290 292 293 289,0.8287739037941737,0.8537230009315626,0.45758775647650346,0.595820922602398,51.90222222222222,46159,10,56 133 123 108 84,,,,ok
91,cheap_refit_B,5,293 292 291 290 294,1.0564613695369025,0.7475248597239975,0.8375406573134618,0.7899767620225054,7.4366666666666665,46159,9,56 133 123 108 84,39.42784267526781,11.075770325768607,18,ok
91,full_refit_B,5,293 292 291 290 294,1.059159599412038,0.7434519811954332,0.8158282616964625,0.7779603958151502,8.607777777777779,46159,9,56 133 123 108 84,39.42784267526781,11.075770325768607,,ok
35,never_refit,5,224 225 222 223 227,0.42346686328824507,0.7390044865227682,0.902723836155559,0.8127008053581765,12.523333333333333,141535,14,84 108 95 123 133,,,,ok
35,cheap_refit_B,5,227 226 225 224 222,0.32757910183397854,0.8344720387183382,0.9219618435021545,0.876037961867534,11.107777777777779,141535,13,84 108 95 123 133,48.50849309408545,11.054682066805535,24,ok
35,full_refit_B,5,227 226 225 224 222,0.3705353020312392,0.8127035715547392,0.9503060946290927,0.8761349095119126,6.683333333333334,141535,14,84 108 95 123 133,48.50849309408545,11.054682066805535,,ok
84,never_refit,5,229 228 226 227 231,1.164464294910431,0.36416706469245874,0.04196787885459861,0.07526227179748723,348.09777777777776,37686,10,35 108 123 95 133,,,,ok
84,cheap_refit_B,5,228 229 231 230 219,1.955868899822235,0.5215729979302659,0.059700404563181105,0.10713760117733627,343.9866666666667,37686,-13,35 108 123 95 133,28.8139121004009,11.064156810895973,24,ok
84,full_refit_B,5,228 229 231 230 297,1.860998272895813,0.5484264713686781,0.06282811640285627,0.11274059244995867,342.54777777777775,37686,-13,35 108 123 95 133,28.8139121004009,11.064156810895973,,ok
56,never_refit,5,236 237 235 234 233,0.845819547164221,0.9483036026582721,0.8177595463594136,0.878206789323659,16.783333333333335,71475,9,133 91 123 84 108,,,,ok
56,cheap_refit_B,5,237 236 234 235 238,0.9180069787016847,0.9682546344875831,0.9555012494995099,0.9618356682232599,3.581111111111111,71475,7,133 91 123 84 108,15.901519352672267,11.073589860743258,24,ok
56,full_refit_B,5,237 236 234 235 238,0.9164574323164665,0.9784819867086394,0.9732667204764953,0.9758673857381063,2.1344444444444446,71475,8,133 91 123 84 108,15.901519352672267,11.073589860743258,,ok
112,never_refit,5,201 200 198 199 203,0.7221634530778653,0.6411214016267092,0.37233523781797007,0.47108495865333266,95.82,79793,10,82 17 103 70 93,,,,ok
112,cheap_refit_B,5,201 200 203 202 199,0.8289581659365473,0.6971162883962252,0.5036443478654534,0.5847937846276768,60.91111111111111,79793,10,82 17 103 70 93,15.06522483438198,11.054318090540484,24,ok
112,full_refit_B,5,201 200 203 202 199,0.8449726883807258,0.6815134159638063,0.499155529446321,0.576251609382368,60.626666666666665,79793,10,82 17 103 70 93,15.06522483438198,11.054318090540484,,ok
72,never_refit,5,113 112 111 110 109,0.2626119442839733,0.9999395825151799,0.9997281787979463,0.9998338694818238,0.01,33103,10,128 90 86 122 136,,,,ok
72,cheap_refit_B,5,111 110 112 113 115,0.33932445415531165,1.0,0.9999697921701305,0.9999848958569335,0.0011111111111111111,33103,10,128 90 86 122 136,12.829655047752567,11.042573709133318,20,ok
72,full_refit_B,5,111 110 112 113 115,0.33897876015214395,1.0,0.9999697921701305,0.9999848958569335,0.0011111111111111111,33103,10,128 90 86 122 136,12.829655047752567,11.042573709133318,,ok
29,never_refit,5,193 192 194 195 142,1.175084412097931,0.27526859991243136,0.04905924265206835,0.08327665568776095,352.04777777777775,59382,10,64 13 11 70 85,,,,ok
29,cheap_refit_B,5,193 192 195 194 196,1.5115438403242665,0.3154322858778755,0.101843192692475,0.15397325135017387,183.54333333333332,59382,9,64 13 11 70 85,44.76407226417041,11.054894747135119,24,ok
29,full_refit_B,5,193 192 195 194 196,1.5113315056622876,0.3175373008655822,0.09713329040566646,0.14876117819231818,194.74333333333334,59382,9,64 13 11 70 85,44.76407226417041,11.054894747135119,,ok
80,never_refit,5,218 219 217 216 215,1.5558197016763289,0.1529159291342283,0.060474278917633066,0.08667202336824067,168.51333333333332,63839,6,49 25 103 93 128,,,,ok
80,cheap_refit_B,5,221 220 219 218 217,1.7696675520023917,0.3569291498926988,0.1594485847241174,0.22042719498510233,133.46555555555557,63839,6,49 25 103 93 128,17.74953921370013,11.044481542011617,24,ok
80,full_refit_B,5,221 220 219 218 217,1.7648779420107337,0.356177258415702,0.15970500438981564,0.2205281891627145,132.93,63839,6,49 25 103 93 128,17.74953921370013,11.044481542011617,,ok
136,never_refit,5,125 124 123 122 121,0.5583575144985871,0.6895532497921734,0.2964865365776166,0.4146754677504467,59.04666666666667,32479,8,86 90 122 21 128,,,,ok
136,cheap_refit_B,5,127 126 125 124 123,0.44427844213266643,0.7997167400474152,0.363298132736555,0.49962490622655664,50.57888888888889,32479,9,86 90 122 21 128,21.255266366490787,11.049692439047039,24,ok
136,full_refit_B,5,127 126 125 124 123,0.442582730145346,0.8057514086024816,0.3634167002263543,0.5009091779117618,50.934444444444445,32479,9,86 90 122 21 128,21.255266366490787,11.049692439047039,,ok
82,never_refit,5,205 204 203 202 207,0.7633221507274421,0.44699855157985086,0.17600650585104136,0.25256505463528484,86.68777777777778,37282,10,128 17 93 112 103,,,,ok
82,cheap_refit_B,5,205 204 206 207 209,0.7331292695481858,0.6513867281798187,0.4173756122712039,0.508762190076152,37.666666666666664,37282,10,128 17 93 112 103,16.646159542000078,11.065613465233548,24,ok
82,full_refit_B,5,205 204 206 207 209,0.7266450989420086,0.672361997746902,0.41883040935672516,0.5161429806860767,38.647777777777776,37282,10,128 17 93 112 103,16.646159542000078,11.065613465233548,,ok
70,never_refit,5,192 193 196 197 195,1.2613527109356153,0.7628617363344051,0.12917032152687458,0.22093173646498876,127.95777777777778,22392,20,64 29 11 13 112,,,,ok
70,cheap_refit_B,5,199 198 192 193 197,1.5212260611299686,0.6188370846730975,0.1692726784100071,0.2658315268478907,75.56111111111112,22392,21,64 29 11 13 112,22.53768139370152,11.0696988552942,24,ok
70,full_refit_B,5,199 198 192 193 197,1.5290165584693445,0.6501429081814933,0.16351607866922757,0.26131050142250706,82.74777777777778,22392,21,64 29 11 13 112,22.53768139370152,11.0696988552942,,ok
13,never_refit,5,137 136 192 193 139,1.1196484172594579,0.32091279257111055,0.05497290244881574,0.09386634221157843,209.25,34137,10,11 29 85 132 70,,,,ok
13,cheap_refit_B,5,192 193 138 139 136,1.26304907963639,0.3676948765269356,0.06639899703235841,0.11248521346381332,196.09666666666666,34137,10,11 29 85 132 70,22.85115109300989,11.071672818227825,24,ok
13,full_refit_B,5,192 193 138 139 136,1.2158639486668343,0.36901309429651113,0.06695688225538972,0.11334710018760713,195.04333333333332,34137,10,11 29 85 132 70,22.85115109300989,11.071672818227825,,ok
59,never_refit,5,219 218 212 213 216,2.8017025237842788,0.5444963308872581,0.06238471337579618,0.11194367613779231,204.45222222222222,22485,10,103 93 25 80 49,,,,ok
59,cheap_refit_B,5,219 218 216 217 215,2.961577244451232,0.549744273960418,0.07727122129912671,0.1354971664090675,164.0088888888889,22485,19,103 93 25 80 49,60.12117175361084,11.01845181090294,24,ok
59,full_refit_B,5,219 218 216 217 215,2.9523558019605662,0.5628196575494774,0.08018273172524347,0.14036780691246284,161.3022222222222,22485,19,103 93 25 80 49,60.12117175361084,11.01845181090294,,ok
64,never_refit,5,195 194 196 197 192,0.4839302308771535,0.9444370714443707,0.7882804711442603,0.8593221703429399,6.371111111111111,22605,-1,70 29 11 13 112,,,,ok
64,cheap_refit_B,5,196 197 195 194 192,0.8977370011632722,0.9962397699623977,0.924049074719954,0.9587874659400544,2.0566666666666666,22605,10,70 29 11 13 112,14.367952373518165,11.033738543293996,24,ok
64,full_refit_B,5,196 197 195 194 192,0.9066264135843427,0.9960185799601858,0.9242231435491154,0.9587786909679343,2.051111111111111,22605,10,70 29 11 13 112,14.367952373518165,11.033738543293996,,ok
133,never_refit,5,234 235 233 232 236,0.6810449337142992,0.48605524269241085,0.0664897682181965,0.11697762097099493,169.64888888888888,22374,10,123 56 108 91 84,,,,ok
133,cheap_refit_B,5,234 235 237 236 238,0.6204132531529433,0.739116832037186,0.0948673967541892,0.16815207609905894,175.3111111111111,22374,10,123 56 108 91 84,16.5452733614693,11.053453211477073,24,ok
133,full_refit_B,5,234 235 237 236 238,0.7156736775462371,0.6500402252614642,0.09717183459942676,0.16907007968752724,150.14333333333335,22374,10,123 56 108 91 84,16.5452733614693,11.053453211477073,,ok
103,never_refit,5,212 213 210 211 215,0.7287497653977115,0.4317452116470458,0.22227922176622586,0.29346912666658304,45.48111111111111,27097,10,93 17 82 59 25,,,,ok
103,cheap_refit_B,5,213 212 214 215 210,0.554727442254441,0.9442373694504926,0.47654169227617293,0.6334109026092984,31.227777777777778,27097,10,93 17 82 59 25,14.607268601964506,11.0613657657774,24,ok
103,full_refit_B,5,213 212 214 215 210,0.5501330241494136,0.9431671402738311,0.4759395135759246,0.6326381583018751,31.267777777777777,27097,10,93 17 82 59 25,14.607268601964506,11.0613657657774,,ok
85,never_refit,5,137 136 134 135 133,0.6314267280509873,0.7780256055672035,0.691170642783546,0.7320308073282827,8.658888888888889,22417,12,132 13 11 21 29,,,,ok
85,cheap_refit_B,5,137 136 134 135 138,0.7294101698657068,0.8436008386492394,0.7873350264374037,0.8144973727280558,5.6755555555555555,22417,11,132 13 11 21 29,13.956856109362661,11.077166677725355,24,ok
85,full_refit_B,5,137 136 134 135 138,0.7369679193795721,0.8561359682383906,0.806929027917928,0.8308045280405185,5.102222222222222,22417,12,132 13 11 21 29,13.956856109362661,11.077166677725355,,ok
93,never_refit,5,214 215 212 213 211,0.8967254792370958,0.9347390005795034,0.22747637799546544,0.36590643376899856,79.12444444444445,22433,12,59 17 103 128 82,,,,ok
93,cheap_refit_B,5,214 215 213 212 206,1.1060843509091893,0.8971158561048456,0.24944224095190878,0.3903484526684317,67.28333333333333,22433,13,59 17 103 128 82,16.421428411680722,11.044934919028762,24,ok
93,full_refit_B,5,214 215 213 212 206,1.1242280990792624,0.8906967414077475,0.2509293213442508,0.39155015138005705,66.27444444444444,22433,13,59 17 103 128 82,16.421428411680722,11.044934919028762,,ok
49,never_refit,5,219 218 217 216 214,1.279393099226993,0.48770733924108156,0.23403698534542916,0.3162936001532544,39.026666666666664,22005,-5,80 25 59 103 93,,,,ok
49,cheap_refit_B,5,220 221 218 219 216,1.2721352335759568,0.6815269256987049,0.35895165150789854,0.47023594889080506,29.75888888888889,22005,-5,80 25 59 103 93,15.569199496000465,11.089921721389667,24,ok
49,full_refit_B,5,220 221 218 219 216,1.247264607445621,0.7020677118836628,0.35947970960536113,0.47549283636755363,30.585555555555555,22005,-5,80 25 59 103 93,15.569199496000465,11.089921721389667,,ok
123,never_refit,5,233 232 230 231 229,0.6070397355439259,0.2796598910588548,0.019214444150319938,0.03595831909805262,238.77333333333334,15054,9,84 35 108 95 133,,,,ok
123,cheap_refit_B,5,233 232 230 231 229,0.45765107612527633,0.23814268632921481,0.021529979821274144,0.0394897723141998,181.03,15054,9,84 35 108 95 133,38.55783594423053,11.055146342518753,24,ok
123,full_refit_B,5,233 232 230 231 229,0.45412581130205487,0.25308888003188523,0.02341661288835623,0.042867027829814525,176.55,15054,9,84 35 108 95 133,38.55783594423053,11.055146342518753,,ok
128,never_refit,5,115 114 113 112 116,2.8367342948913574,0.4326182350073135,0.0265493345461509,0.05002847332247024,361.48333333333335,20510,10,103 17 82 93 59,,,,ok
128,cheap_refit_B,5,115 114 116 117 123,2.7921602725982666,0.46533398342272064,0.028948932917581684,0.05450693044426804,355.7111111111111,20510,10,103 17 82 93 59,131.3369691855401,11.068459239566991,22,ok
128,full_refit_B,5,115 114 116 117 123,3.411744976004906,0.33139931740614337,0.029739402849242185,0.0545807871132489,246.39444444444445,20510,10,103 17 82 93 59,131.3369691855401,11.068459239566991,,ok
17,never_refit,5,208 209 207 206 211,0.2010145529513588,0.6141035467911644,0.9237945492662474,0.7377673600937592,0.8077777777777778,14351,11,82 93 103 59 112,,,,ok
17,cheap_refit_B,5,208 209 210 211 212,0.2996576096996403,1.0,1.0,1.0,0.0,14351,11,82 93 103 59 112,15.083554758673813,11.040849315956738,24,ok
17,full_refit_B,5,208 209 210 211 212,0.2996861671108281,1.0,1.0,1.0,0.0,14351,11,82 93 103 59 112,15.083554758673813,11.040849315956738,,ok
108,never_refit,5,231 230 228 229 233,0.7815612271857816,0.14639208173690932,0.30839078526988395,0.19853856562922867,4.57,12528,-5,123 84 35 95 133,,,,ok
108,cheap_refit_B,5,230 231 232 233 228,0.7683297128653104,0.2359514687100894,0.6249471458773784,0.34256576660099664,1.971111111111111,12528,11,123 84 35 95 133,29.86942922471269,11.050606261693295,24,ok
108,full_refit_B,5,230 231 232 233 228,0.8058122249320372,0.24050127713920819,0.663218137794409,0.3529963095307832,1.7,12528,11,123 84 35 95 133,29.86942922471269,11.050606261693295,,ok
25,never_refit,5,214 215 217 216 212,0.5972614805272383,0.5670231612098944,0.2935661390040084,0.3868484075292643,23.106666666666666,15241,11,59 49 93 80 103,,,,ok
25,cheap_refit_B,5,214 215 216 217 219,0.8494148821993813,0.4525949740830654,0.541784480050267,0.4931898616523076,6.482222222222222,15241,12,59 49 93 80 103,15.188982068137193,11.068179831743162,24,ok
25,full_refit_B,5,214 215 216 217 219,0.851582275157822,0.4501016993635588,0.5441853085832143,0.49269221101016264,6.384444444444444,15241,12,59 49 93 80 103,15.188982068137193,11.068179831743162,,ok
95,never_refit,5,220 221 223 222 224,0.8926179819247816,0.6606928485679986,0.06438754533451439,0.11733979044834307,124.4011111111111,11662,9,35 108 84 123 49,,,,ok
95,cheap_refit_B,5,222 223 220 221 224,1.0902877788915428,0.6623220716858171,0.07027887721213776,0.12707395921590564,113.53444444444445,11662,8,35 108 84 123 49,25.854974267984517,11.051225150500526,24,ok
95,full_refit_B,5,222 223 220 221 224,1.0647994019783078,0.6456868461670382,0.06308646112600536,0.11494252873563218,124.25555555555556,11662,9,35 108 84 123 49,25.854974267984517,11.051225150500526,,ok
132,never_refit,5,135 134 137 136 297,0.7457759175017262,0.4386100386100386,0.09744381540572997,0.15946097697922515,64.30111111111111,14245,6,85 21 13 11 29,,,,ok
132,cheap_refit_B,5,137 136 135 134 139,0.8852907845730825,0.7696735696735697,0.2843434736378018,0.4152715703355806,30.66111111111111,14245,5,85 21 13 11 29,50.881029004328184,11.089187526566779,24,ok
132,full_refit_B,5,137 136 135 134 139,0.8818720484914631,0.7724113724113724,0.285147847720735,0.4165278619018776,30.648888888888887,14245,5,85 21 13 11 29,50.881029004328184,11.089187526566779,,ok
11,never_refit,5,142 140 141 143 139,0.4703000315142079,0.840975681218869,0.7711579795808705,0.8045550105115628,3.7855555555555553,13652,10,13 85 64 29 70,,,,ok
11,cheap_refit_B,5,142 143 141 140 138,0.6059930855830847,0.970407266334603,0.860148032723023,0.91195704550148,2.3933333333333335,13652,10,13 85 64 29 70,13.976107705599361,11.035022690988058,24,ok
11,full_refit_B,5,142 143 141 140 138,0.5503978923244619,0.9783181951362437,0.8461197339246119,0.9074294255528756,2.698888888888889,13652,10,13 85 64 29 70,13.976107705599361,11.035022690988058,,ok
21,never_refit,5,129 128 131 130 133,0.7932763911909869,0.46758487586630404,0.10883548077512098,0.17657192075796727,48.492222222222225,11399,11,132 85 136 122 86,,,,ok
21,cheap_refit_B,5,129 130 131 128 133,0.8367244646072001,0.720150890428985,0.19972750054743194,0.3127238095238095,36.54666666666667,11399,11,132 85 136 122 86,15.886244270982274,11.089476069981334,24,ok
21,full_refit_B,5,129 130 131 128 133,0.8380502427641852,0.6943591543117817,0.19025070307429753,0.29866797479340407,37.431111111111115,11399,11,132 85 136 122 86,15.886244270982274,11.089476069981334,,ok
76,never_refit,5,198 199 200 201 196,1.4492887366181657,0.15308971713002306,0.015128974205158968,0.027536659132846364,91.21,8237,10,70 64 112 29 82,,,,ok
76,cheap_refit_B,5,198 199 200 201 197,1.5167712576785073,0.22423212334587836,0.022915064142328974,0.041580837244903704,87.50555555555556,8237,11,70 64 112 29 82,155.56417326129701,11.03427886378852,24,ok
76,full_refit_B,5,198 199 200 201 197,1.5192117012120363,0.22508194731091416,0.02266365136605342,0.04118078230159259,88.83444444444444,8237,11,70 64 112 29 82,155.56417326129701,11.03427886378852,,ok
63,never_refit,5,131 130 129 128 133,0.6677622843160347,0.5205245666037905,0.18026565464895636,0.2677911275415896,29.28,11133,10,132 85 136 122 11,,,,ok
63,cheap_refit_B,5,131 130 128 129 133,0.7462793277012989,0.66442109045181,0.2805932782034747,0.39455927456994266,21.072222222222223,11133,10,132 85 136 122 11,22.94557477398814,11.082318626707547,24,ok
63,full_refit_B,5,131 130 128 129 133,0.7563005959931051,0.64043833647714,0.26325505833702556,0.37313237564434676,22.17111111111111,11133,10,132 85 136 122 11,22.94557477398814,11.082318626707547,,ok
42,never_refit,5,199 198 200 201 203,0.5787826470540652,0.8020993701889433,0.09036154076596818,0.16242489513660585,64.10222222222222,7145,11,112 70 64 29 82,,,,ok
42,cheap_refit_B,5,199 198 200 201 203,0.82572772639482,0.7577326801959412,0.1302726244616088,0.22232260183968466,40.16111111111111,7145,11,112 70 64 29 82,14.885039527914273,11.036531516354527,24,ok
42,full_refit_B,5,199 198 200 201 203,0.8206567227508932,0.7728481455563331,0.1344304598680527,0.22902409688523911,39.50555555555555,7145,11,112 70 64 29 82,14.885039527914273,11.036531516354527,,ok
148,never_refit,5,232 233 231 230 234,1.238158106803894,0.4074867658179985,0.00974021083203032,0.019025649022971425,365.2111111111111,7934,10,56 123 133 84 91,,,,ok
148,cheap_refit_B,5,232 233 235 234 236,1.2961779991796423,0.4268968994202168,0.012554674178960635,0.024392000403292598,295.9922222222222,7934,10,56 123 133 84 91,55.0208674240821,10.955526871311239,24,ok
148,full_refit_B,5,232 233 235 234 236,1.3417998343790858,0.42059490799092514,0.012273481262436233,0.023850961864906498,298.3888888888889,7934,10,56 123 133 84 91,55.0208674240821,10.955526871311239,,ok
153,never_refit,5,233 232 234 235 231,0.7014215518336883,0.7558678643871342,0.07356175972927242,0.134075197244995,73.00333333333333,6902,9,123 108 35 133 84,,,,ok
153,cheap_refit_B,5,234 235 233 232 237,0.8932930617352185,0.7254419008982903,0.19868259196063648,0.31193346416222784,22.43777777777778,6902,9,123 108 35 133 84,15.706320900172955,11.074618245604604,24,ok
153,full_refit_B,5,234 235 233 232 237,0.8978082206160131,0.7729643581570559,0.2043356696924432,0.32322559146951013,23.08222222222222,6902,8,123 108 35 133 84,15.706320900172955,11.074618245604604,,ok
104,never_refit,5,130 131 128 129 132,0.9564859904321287,0.3157328639874841,0.04365873445105462,0.07671018090679083,78.59,10227,10,85 132 11 13 136,,,,ok
104,cheap_refit_B,5,131 130 132 133 128,1.1378977542497308,0.33968905837489,0.06179185713523416,0.10456296653021911,58.60777777777778,10227,10,85 132 11 13 136,56.486973760190835,11.034384357128097,24,ok
104,full_refit_B,5,131 130 132 133 128,1.1389418539757812,0.33626674489097486,0.05972767376428497,0.10143794705405207,60.154444444444444,10227,10,85 132 11 13 136,56.486973760190835,11.034384357128097,,ok
151,never_refit,5,294 295 292 293 291,1.075205789509055,0.8618840093865237,0.11765513454146073,0.20704650694584256,42.846666666666664,5966,-2,91 56 133 84 123,,,,ok
151,cheap_refit_B,5,294 295 292 293 290,1.1616684138539783,0.6257123700972176,0.4980653769179453,0.55463932843028,4.18,5966,10,91 56 133 84 123,16.14289069445431,11.045404069079488,18,ok
151,full_refit_B,5,294 295 292 293 290,1.1567368760461343,0.6218571907475695,0.512643360508498,0.5619934863288647,3.918888888888889,5966,10,91 56 133 84 123,16.14289069445431,11.045404069079488,,ok
130,never_refit,5,232 233 234 235 230,0.9165970680410099,0.6256122154998559,0.6831838917728488,0.653131814422137,2.2377777777777776,6942,8,133 84 108 123 56,,,,ok
130,cheap_refit_B,5,233 232 235 234 236,0.9251743632219347,0.6549985594929415,0.7582124395531099,0.7028363861194837,1.6111111111111112,6942,7,133 84 108 123 56,15.88397945125132,11.016019772703283,24,ok
130,full_refit_B,5,233 232 235 234 236,0.9015431526331273,0.5795159896283492,0.693262105807341,0.6313063946645744,1.9777777777777779,6942,8,133 84 108 123 56,15.88397945125132,11.016019772703283,,ok
78,never_refit,5,207 206 209 208 204,0.681913162467431,0.3714164666007626,0.015480513976608531,0.029722215943765114,185.84555555555556,7081,10,128 82 103 93 59,,,,ok
78,cheap_refit_B,5,208 209 207 206 215,1.0745977078008608,0.5140516876147437,0.05904202689331884,0.10591864051678984,64.45666666666666,7081,9,128 82 103 93 59,15.399776162386047,11.071367841353464,24,ok
78,full_refit_B,5,208 209 207 206 215,1.115253950672602,0.26931224403332865,0.05419461179947709,0.09023161181953678,36.97888888888889,7081,10,128 82 103 93 59,15.399776162386047,11.071367841353464,,ok
101,never_refit,5,238 239 289 288 236,0.39510235110984737,0.7581060216160577,0.04937319836428236,0.09270856279699154,94.53666666666666,5829,10,56 91 133 108 84,,,,ok
101,cheap_refit_B,5,289 288 238 239 291,1.0338678195112303,0.39732372619660317,0.25515038008152474,0.3107473500603784,7.512222222222222,5829,10,56 91 133 108 84,16.45348391524658,11.06586397854988,22,ok
101,full_refit_B,5,289 288 238 239 291,1.0632774881485019,0.32458397666838223,0.27741935483870966,0.2991540833267452,5.475555555555555,5829,10,56 91 133 108 84,16.45348391524658,11.06586397854988,,ok
74,never_refit,5,116 117 115 114 119,0.5710629978486843,0.1590658330268481,0.012879114988907583,0.023828872880538837,73.66444444444444,5438,14,72 90 86 122 136,,,,ok
74,cheap_refit_B,5,116 117 118 119 121,1.427768370455786,0.08973887458624494,0.2761743067345784,0.1354614850798057,1.4211111111111112,5438,14,72 90 86 122 136,71.0249645297776,11.091621266556334,24,ok
74,full_refit_B,5,116 117 118 119 121,1.4052311295588962,0.10114012504597278,0.28205128205128205,0.1488900920411478,1.5555555555555556,5438,14,72 90 86 122 136,71.0249645297776,11.091621266556334,,ok
110,never_refit,5,192 193 143 142 140,0.6186410532886684,0.5676364727054589,0.09385305859307198,0.16107411111347533,40.60444444444445,6668,10,11 70 64 29 13,,,,ok
110,cheap_refit_B,5,193 192 142 143 194,0.6637912412821134,0.7759448110377924,0.09536448253617179,0.16985374981534065,54.534444444444446,6668,10,11 70 64 29 13,14.854726533172311,11.112616469834162,24,ok
110,full_refit_B,5,193 192 142 143 194,0.6487457683530902,0.788242351529694,0.09415136587550381,0.1682108396140368,56.187777777777775,6668,10,11 70 64 29 13,14.854726533172311,11.112616469834162,,ok
115,never_refit,5,130 131 129 128 132,0.4881768743686571,0.6910794862894828,0.7571781707548964,0.722620451864622,1.4188888888888889,5762,10,132 85 136 122 13,,,,ok
115,cheap_refit_B,5,131 130 129 128 133,0.546368576073011,0.8743491843110032,0.8660821729413787,0.8701960445634338,0.8655555555555555,5762,10,132 85 136 122 13,13.57780523187796,11.013253910877378,24,ok
115,full_refit_B,5,131 130 129 128 133,0.546300787220939,0.8774730996181881,0.8603028756168113,0.8688031617836582,0.9122222222222223,5762,10,132 85 136 122 13,13.57780523187796,11.013253910877378,,ok
37,never_refit,5,198 199 201 200 196,0.49409187390440346,0.6725445582100872,0.12846794639623324,0.21572801362364674,26.736666666666668,5274,10,112 64 70 29 82,,,,ok
37,cheap_refit_B,5,199 198 200 201 202,0.8753121488527735,0.7085703450891164,0.43600513359001286,0.5398338750451427,5.371111111111111,5274,11,112 64 70 29 82,14.194846032113674,11.050772559597373,24,ok
37,full_refit_B,5,199 198 200 201 202,0.9298183922346103,0.6247629882442169,0.5,0.5554619015509104,3.661111111111111,5274,11,112 64 70 29 82,14.194846032113674,11.050772559597373,,ok
111,never_refit,5,200 201 202 203 199,0.9943090356454464,0.6349326758960744,0.2354927199831188,0.3435608004104669,12.076666666666666,5273,13,112 82 70 64 128,,,,ok
111,cheap_refit_B,5,202 203 200 201 205,1.1391891581093205,0.7758391807320311,0.7865795039415497,0.7811724269620012,1.2333333333333334,5273,13,112 82 70 64 128,14.374587326931191,11.051372340274835,24,ok
111,full_refit_B,5,202 203 200 201 205,1.1125945551491179,0.8033377583918073,0.7598206278026906,0.7809734513274337,1.4877777777777779,5273,13,112 82 70 64 128,14.374587326931191,11.051372340274835,,ok
149,never_refit,5,199 198 200 201 196,1.5271817339395608,0.16023367410807426,0.0067763709357215336,0.013002844372206421,125.07444444444444,4793,10,112 70 64 29 82,,,,ok
149,cheap_refit_B,5,200 201 198 199 141,1.4810771403894476,0.452326309200918,0.01871191589994994,0.03593717624632216,126.32666666666667,4793,10,112 70 64 29 82,188.15131781186187,11.104403987056761,24,ok
149,full_refit_B,5,200 201 198 199 107,1.4823069680650267,0.45629042353432087,0.018614983912976866,0.035770655631792866,128.11,4793,10,112 70 64 29 82,188.15131781186187,11.104403987056761,,ok
126,never_refit,5,142 143 140 141 193,0.9727483584787698,0.25990853658536583,0.43137254901960786,0.3243757431629013,1.9977777777777779,5248,10,29 11 70 64 13,,,,ok
126,cheap_refit_B,5,192 193 143 142 141,0.8217962971107308,0.33784298780487804,0.4812703583061889,0.396999552171966,2.1233333333333335,5248,10,29 11 70 64 13,14.332199800011153,10.951153157716492,24,ok
126,full_refit_B,5,192 193 143 142 141,0.8029971851807545,0.34603658536585363,0.4786505007907222,0.40168104401681043,2.1977777777777776,5248,10,29 11 70 64 13,14.332199800011153,10.951153157716492,,ok
33,never_refit,5,129 128 127 126 125,0.5850496882260574,0.5865853658536585,0.05913570887035633,0.10744001638032129,51.01888888888889,4920,9,136 122 86 132 128,,,,ok
33,cheap_refit_B,5,129 128 131 130 126,1.3513418674144575,0.7264227642276423,0.140614549317386,0.23561987012558921,24.27,4920,9,136 122 86 132 128,34.69577585798413,11.097574316096527,24,ok
33,full_refit_B,5,129 128 131 130 126,1.3475352447355857,0.7300813008130081,0.1413505430505273,0.23684557562969802,24.244444444444444,4920,9,136 122 86 132 128,34.69577585798413,11.097574316096527,,ok
81,never_refit,5,201 200 203 202 198,0.9601737837823555,0.9356590766659704,0.544228432563791,0.6881769993085965,4.167777777777777,4787,13,112 70 82 64 128,,,,ok
81,cheap_refit_B,5,201 200 203 202 204,0.9990702146835627,0.9527888030081471,0.5820571720265442,0.7226491325358473,3.638888888888889,4787,13,112 70 82 64 128,3.3530434838435212,11.059201911055805,24,ok
81,full_refit_B,5,201 200 203 202 204,1.0120560971971972,0.9335700856486318,0.592941488655964,0.725251541707238,3.408888888888889,4787,13,112 70 82 64 128,3.3530434838435212,11.059201911055805,,ok
50,never_refit,5,225 224 222 223 226,1.7720016214013494,0.33987674047021227,0.009612405102515107,0.01869604796434065,170.4611111111111,4381,26,35 84 95 108 123,,,,ok
50,cheap_refit_B,5,224 225 223 222 226,1.647180387503361,0.4275279616525907,0.009619730462650999,0.018816083582389433,214.25666666666666,4381,11,35 84 95 108 123,142.46825396536065,11.109352512122642,24,ok
50,full_refit_B,5,224 225 223 222 226,1.6321866538482808,0.4368865555809176,0.009439964489161796,0.0184806117719759,223.15666666666667,4381,11,35 84 95 108 123,142.46825396536065,11.109352512122642,,ok
134,never_refit,5,137 136 139 138 192,1.0502009159896102,0.3443405609707579,0.022551689096759905,0.04233101829208647,83.36222222222223,5027,-4,13 85 11 29 70,,,,ok
134,cheap_refit_B,5,193 139 138 192 137,1.4143454528307418,0.40660433658245476,0.030985659279022526,0.05758314199991548,71.02444444444444,5027,-4,13 85 11 29 70,14.310973360852927,11.03544691317029,24,ok
134,full_refit_B,5,193 139 138 192 137,1.3847783052832305,0.41615277501491943,0.03056647331278035,0.05694996461044265,73.72111111111111,5027,-4,13 85 11 29 70,14.310973360852927,11.03544691317029,,ok
152,never_refit,5,295 294 292 293 291,0.6905242527076169,0.6563689276919633,0.059765991275632924,0.109556282111163,51.25111111111111,4467,13,91 56 133 123 108,,,,ok
152,cheap_refit_B,5,295 294 292 293 290,0.8156264900991164,0.8726214461607342,0.11983521888834235,0.21073117988917422,31.81111111111111,4467,11,91 56 133 123 108,32.332586891712936,11.08423053222904,16,ok
152,full_refit_B,5,295 294 292 293 290,0.8093493389198195,0.8710543989254533,0.11907457844967408,0.20950893818651734,31.984444444444446,4467,11,91 56 133 123 108,32.332586891712936,11.08423053222904,,ok
142,never_refit,5,130 131 128 129 132,0.9241623136632942,0.746786878956455,0.3796567193290423,0.5033943233982027,7.067777777777778,5213,10,132 85 13 11 136,,,,ok
142,cheap_refit_B,5,131 130 132 133 128,1.0386410208120096,0.7607903318626511,0.514196810579541,0.6136469131982052,4.163333333333333,5213,10,132 85 13 11 136,25.06035205354101,11.017635045970566,24,ok
142,full_refit_B,5,131 130 132 133 128,1.0718807882938797,0.6900057548436601,0.5645895463820436,0.621029005524862,3.082222222222222,5213,10,132 85 13 11 136,25.06035205354101,11.017635045970566,,ok
20,never_refit,5,192 193 142 143 194,0.9087976335250718,0.12622020431328038,0.008220717390661502,0.015436083232693406,74.53111111111112,4405,10,29 64 70 13 11,,,,ok
20,cheap_refit_B,5,192 193 195 194 196,1.262446718007423,0.1879682179341657,0.009384137634018632,0.017875840628676906,97.11777777777777,4405,10,29 64 70 13 11,32.735927996467694,11.043857020874848,24,ok
20,full_refit_B,5,192 193 195 194 196,1.2409455075587217,0.1775255391600454,0.008035925313164737,0.015375843016968482,107.25666666666666,4405,10,29 64 70 13 11,32.735927996467694,11.043857020874848,,ok
121,never_refit,5,122 123 120 121 124,1.5516728296958777,0.3646175504458001,0.005787407732930127,0.011393964278382261,296.6222222222222,4262,-4,136 122 86 90 72,,,,ok
121,cheap_refit_B,5,122 123 124 125 121,0.8875357210636139,0.47583294228061945,0.006157227911552089,0.012157143670702064,363.71222222222224,4262,11,136 122 86 90 72,29.694524818917785,11.078130623866723,24,ok
121,full_refit_B,5,122 123 124 125 121,0.9078855514526367,0.4809948381041764,0.006198503288230403,0.012239280927319568,365.19444444444446,4262,11,136 122 86 90 72,29.694524818917785,11.078130623866723,,ok
118,never_refit,5,136 137 139 138 193,0.7644864293983412,0.4913294797687861,0.035980739721678395,0.06705122516393038,60.73,4152,9,85 13 11 132 29,,,,ok
118,cheap_refit_B,5,136 137 138 139 193,0.8890699362088011,0.5397398843930635,0.03824427871734048,0.0714274331065037,62.617777777777775,4152,9,85 13 11 132 29,11.151999595531947,11.068553472329102,24,ok
118,full_refit_B,5,136 137 138 139 193,0.8750852057780194,0.5821290944123314,0.040542807300053677,0.07580604692008532,63.55444444444444,4152,9,85 13 11 132 29,11.151999595531947,11.068553472329102,,ok
52,never_refit,5,123 122 125 124 121,1.6707809663158344,0.5423297262889879,0.00734555580941214,0.014494787745779796,255.85888888888888,3142,14,136 86 90 122 72,,,,ok
52,cheap_refit_B,5,126 127 123 122 124,1.9687999997995136,0.5248249522597072,0.006687240712278325,0.013206209881832852,272.15555555555557,3142,14,136 86 90 122 72,131.03751606027708,11.034447760496406,24,ok
52,full_refit_B,5,126 127 123 122 124,2.0472101725497214,0.5410566518141311,0.007033949148685272,0.013887357195080607,266.65,3142,14,136 86 90 122 72,131.03751606027708,11.034447760496406,,ok
68,never_refit,5,199 198 200 201 197,0.7563069669060776,0.7349236129723935,0.07203846254893204,0.13121500693879504,39.245555555555555,3731,10,64 112 70 29 82,,,,ok
68,cheap_refit_B,5,198 199 200 201 202,0.7812222631490562,0.9187885285446261,0.08872094828924892,0.1618164223842904,39.12222222222222,3731,10,64 112 70 29 82,14.928153189555701,11.019712970800304,24,ok
68,full_refit_B,5,198 199 200 201 202,0.7748845531681616,0.924953095684803,0.08946904490303847,0.1631562773325769,39.02333333333333,3731,10,64 112 70 29 82,14.928153189555701,11.019712970800304,,ok
6,never_refit,5,233 232 230 231 234,3.2505552899376715,0.18193287913197073,0.003948305131153825,0.007728878240688631,202.0988888888889,3963,10,56 133 123 91 84,,,,ok
6,cheap_refit_B,5,233 232 234 235 237,2.9159982760865777,0.4536966944234166,0.006840923791043641,0.013478614506377605,290.03555555555556,3963,29,56 133 123 91 84,107.39873918416652,11.019309092501624,24,ok
6,full_refit_B,5,233 232 234 235 237,2.9957531395605015,0.4489023467070401,0.006666142068639904,0.013137198431511553,294.5466666666667,3963,29,56 133 123 91 84,107.39873918416652,11.019309092501624,,ok
144,never_refit,5,293 292 290 291 289,0.6286084085965419,0.48745644599303134,0.012296955207088109,0.0239887515218025,124.85444444444444,2870,11,91 56 133 123 84,,,,ok
144,cheap_refit_B,5,294 295 292 293 290,1.0268993637796158,0.22020905923344947,0.08661093600109634,0.12432379266253564,7.405555555555556,2870,10,91 56 133 123 84,79.70525606524461,11.118172758782109,18,ok
144,full_refit_B,5,294 295 292 293 290,1.026944299055324,0.21428571428571427,0.08216432865731463,0.11878319652341864,7.633333333333334,2870,10,91 56 133 123 84,79.70525606524461,11.118172758782109,,ok
157,never_refit,5,192 193 142 143 140,1.074866934679315,0.47800869985500244,0.058310241141442135,0.10394114555964266,35.49333333333333,4138,10,29 64 13 11 70,,,,ok
157,cheap_refit_B,5,192 193 143 142 140,0.9637354701090641,0.5918318028032866,0.07345971563981042,0.13069697940014943,34.32111111111111,4138,10,29 64 13 11 70,16.391081199180917,11.048717621500026,24,ok
157,full_refit_B,5,192 193 143 142 140,0.9842696703377358,0.5715321411309812,0.07112140258021833,0.12650102965954374,34.32,4138,10,29 64 13 11 70,16.391081199180917,11.048717621500026,,ok
159,never_refit,5,193 192 194 195 142,0.8575382369009105,0.5042330677290837,0.028001714672898487,0.05305700024890938,78.10222222222222,4016,10,29 70 64 13 11,,,,ok
159,cheap_refit_B,5,193 192 194 195 197,1.1145502316781997,0.6760458167330677,0.046198611489245846,0.08648700305810396,62.28111111111111,4016,10,29 70 64 13 11,14.545921738602601,11.060634254603272,24,ok
159,full_refit_B,5,193 192 194 195 197,0.9291588225429254,0.8702689243027888,0.043837643930461835,0.08347065988392921,84.70111111111112,4016,10,29 70 64 13 11,14.545921738602601,11.060634254603272,,ok
116,never_refit,5,218 219 217 216 215,1.0477249046785744,0.23272833723653397,0.008658055803620047,0.016695016695016694,101.14111111111112,3416,10,80 49 25 59 103,,,,ok
116,cheap_refit_B,5,220 221 218 219 216,1.7778581477512043,0.06323185011709602,0.004064428721962969,0.007637906647807638,58.80888888888889,3416,10,80 49 25 59 103,44.047784996118594,11.09115104601891,24,ok
116,full_refit_B,5,220 221 218 219 216,1.7904156312836816,0.06293911007025761,0.004023881267429021,0.0075641634562949684,59.12888888888889,3416,10,80 49 25 59 103,44.047784996118594,11.09115104601891,,ok
113,never_refit,5,193 192 143 142 141,1.9619445883961029,0.21112828438948997,0.00898495053672911,0.01723637556623891,83.70333333333333,3235,10,70 64 29 13 11,,,,ok
113,cheap_refit_B,5,193 192 143 142 194,2.2479068047054636,0.2735703245749614,0.008526997340733034,0.016538501069863487,114.33666666666667,3235,10,70 64 29 13 11,43.05340834752792,11.074411652152017,24,ok
113,full_refit_B,5,193 192 143 142 194,2.233231403444567,0.28408037094281297,0.008438934802571166,0.01639095732822045,119.97888888888889,3235,10,70 64 29 13 11,43.05340834752792,11.074411652152017,,ok
141,never_refit,5,117 116 114 115 112,0.43361323541907815,0.7730739893211289,0.023924179118570452,0.04641205293767459,91.88777777777777,2622,9,86 72 90 122 136,,,,ok
141,cheap_refit_B,5,117 116 115 114 118,0.7860176130064457,0.8394355453852022,0.0301164429484285,0.058146753847169934,78.75777777777778,2622,7,86 72 90 122 136,20.41302310809084,11.01106498452138,22,ok
141,full_refit_B,5,117 116 115 114 118,0.7806424641826887,0.8226544622425629,0.029342547373862417,0.0566639959019085,79.28222222222222,2622,6,86 72 90 122 136,20.41302310809084,11.01106498452138,,ok
9,never_refit,5,193 192 142 143 140,0.7392131939782854,0.9285258455647735,0.6674311926605505,0.77662129703763,1.6111111111111112,3134,10,29 13 11 70 64,,,,ok
9,cheap_refit_B,5,193 192 143 142 139,0.7316238640880162,0.9703254626675175,0.6449628844114528,0.7748757803541851,1.86,3134,10,29 13 11 70 64,13.745752735534552,11.038554801514001,24,ok
9,full_refit_B,5,193 192 143 142 139,0.7196114915053576,0.9738353541799617,0.6468842729970327,0.7773815588385125,1.8511111111111112,3134,10,29 13 11 70 64,13.745752735534552,11.038554801514001,,ok
23,never_refit,5,121 120 118 119 123,0.6204846695932112,0.684795553791187,0.02635156810925589,0.05075022065313327,70.81777777777778,2519,9,122 90 136 128 86,,,,ok
23,cheap_refit_B,5,120 121 122 123 119,0.8716090393409844,0.8805081381500596,0.04375184929480225,0.08336152140414177,53.86333333333334,2519,10,122 90 136 128 86,13.020350944102802,11.125509952410166,24,ok
23,full_refit_B,5,120 121 122 123 119,0.8320398792381982,0.9003572846367606,0.04275373246870758,0.08163118397610092,56.422222222222224,2519,10,122 90 136 128 86,13.020350944102802,11.125509952410166,,ok
140,never_refit,5,115 114 112 113 111,0.6261883201114188,0.8497652582159625,0.03482443482443483,0.06690694020885316,55.73888888888889,2130,9,72 90 86 122 136,,,,ok
140,cheap_refit_B,5,115 114 117 116 112,0.8927380125490159,0.7981220657276995,0.03512251559852898,0.06728409720573102,51.89111111111111,2130,10,72 90 86 122 136,16.38019766732225,11.098364403013981,20,ok
140,full_refit_B,5,115 114 117 116 112,0.8783176341121468,0.8413145539906103,0.03793957614379777,0.07260498754127587,50.49,2130,9,72 90 86 122 136,16.38019766732225,11.098364403013981,,ok
54,never_refit,5,292 293 291 290 289,0.9291203651387614,0.530603448275862,0.01023470821520324,0.02008205747285823,132.27333333333334,2320,12,91 56 133 123 84,,,,ok
54,cheap_refit_B,5,295 294 293 292 291,1.1200628499216774,0.6875,0.023129014950479258,0.0447524585794251,74.85111111111111,2320,12,91 56 133 123 84,79.509872940288,11.04658660969427,18,ok
54,full_refit_B,5,295 294 293 292 291,1.1089543338945276,0.6612068965517242,0.021785749790521638,0.04218167819284232,76.53222222222222,2320,12,91 56 133 123 84,79.509872940288,11.04658660969427,,ok
107,never_refit,5,233 232 230 231 234,0.5702999613345658,0.5759822090437361,0.015045892877890089,0.029325734558698646,113.03333333333333,2698,10,123 84 133 56 108,,,,ok
107,cheap_refit_B,5,232 233 234 235 231,0.7333181517093712,0.6497405485544848,0.024711720093602865,0.04761258080286816,76.87222222222222,2698,10,123 84 133 56 108,33.91001499319373,11.063541731603376,24,ok
107,full_refit_B,5,232 233 234 235 231,0.6571335650560713,0.623054114158636,0.022574666953158573,0.04357066950053135,80.87,2698,10,123 84 133 56 108,33.91001499319373,11.063541731603376,,ok
109,never_refit,5,220 221 219 218 217,1.1063476709353641,0.9763808139534884,0.1394612549955883,0.2440619465007494,18.42222222222222,2752,14,59 80 49 25 103,,,,ok
109,cheap_refit_B,5,220 221 219 218 216,1.3712286585265228,0.9505813953488372,0.14375206066600726,0.24973747016706443,17.313333333333333,2752,13,59 80 49 25 103,14.726604744581778,11.068275302764127,24,ok
109,full_refit_B,5,220 221 219 218 216,1.452902489488377,0.9364098837209303,0.15378647729307154,0.26418576041826847,15.755555555555556,2752,13,59 80 49 25 103,14.726604744581778,11.068275302764127,,ok
47,never_refit,5,227 226 233 232 225,0.8031106309098583,0.7488943488943489,0.010561623329822032,0.020829489308485553,158.63555555555556,2035,1,35 95 84 123 108,,,,ok
47,cheap_refit_B,5,229 228 227 226 225,3.5149170431670256,0.0171990171990172,0.0389321468298109,0.023858214042263123,0.96,2035,2,35 95 84 123 108,31.541076514844235,11.157729072071888,24,ok
47,full_refit_B,5,229 228 227 226 225,3.4510282176226834,0.019164619164619166,0.03919597989949749,0.02574257425742574,1.0622222222222222,2035,2,35 95 84 123 108,31.541076514844235,11.157729072071888,,ok
62,never_refit,5,209 137 136 138 139,1.8154142193874736,0.16123642439431912,0.004366960437148578,0.008503607424133943,97.78333333333333,2394,12,13 85 11 132 29,,,,ok
62,cheap_refit_B,5,137 136 139 138 141,1.913229473017017,0.20008354218880534,0.005329505880258575,0.010382460361326961,99.33111111111111,2394,11,13 85 11 132 29,133.61347917632497,11.040191766191537,24,ok
62,full_refit_B,5,211 112 113 210 137,7.755151806692324,0.010442773600668337,0.006041565973900435,0.007654623392529087,4.57,2394,10,13 85 11 132 29,133.61347917632497,11.040191766191537,,ok
30,never_refit,5,205 204 202 203 207,0.8040705354197433,0.9070247933884298,0.15170626349892008,0.2599363481607579,10.91,1936,11,112 82 17 93 103,,,,ok
30,cheap_refit_B,5,204 205 202 203 206,0.8626527740712538,0.8419421487603306,0.15495769559844091,0.26174227217984747,9.876666666666667,1936,11,112 82 17 93 103,5.798324526444048,11.067172386801364,24,ok
30,full_refit_B,5,204 205 202 203 206,0.8493725923804843,0.8357438016528925,0.15713314557638147,0.2645303686748958,9.643333333333333,1936,11,112 82 17 93 103,5.798324526444048,11.067172386801364,,ok
97,never_refit,5,233 232 231 230 229,0.27003256141402066,0.2613219094247246,0.00515874933552409,0.010117764139990049,91.49444444444444,1634,9,84 108 35 133 123,,,,ok
97,cheap_refit_B,5,233 232 235 234 231,1.0577259176566782,0.2864137086903305,0.2709901563404748,0.2784885450758703,1.3988888888888888,1634,9,84 108 35 133 123,14.69537539193243,11.099270716004494,24,ok
97,full_refit_B,5,233 232 235 234 231,1.0774027284985475,0.26499388004895963,0.2629022465088039,0.2639439195367266,1.3488888888888888,1634,9,84 108 35 133 123,14.69537539193243,11.099270716004494,,ok
77,never_refit,5,129 128 130 131 127,0.5232156387070399,0.3177670424047236,0.007837737647619553,0.015298145875056528,83.26666666666667,1863,10,132 136 122 86 85,,,,ok
77,cheap_refit_B,5,128 129 131 130 132,0.527323024238969,0.21578099838969403,0.00464031766552775,0.009085259054183852,95.81111111111112,1863,10,132 136 122 86 85,35.18138773248552,11.142737972220742,24,ok
77,full_refit_B,5,128 129 131 130 132,0.5271347099146532,0.2286634460547504,0.004892502756339581,0.009580030359251137,96.27333333333333,1863,10,132 136 122 86 85,35.18138773248552,11.142737972220742,,ok
124,never_refit,5,192 193 195 194 143,1.3673529487674245,0.34128245892951775,0.008363093305629505,0.016326116716523856,84.84555555555555,1887,10,29 13 11 70 64,,,,ok
124,cheap_refit_B,5,192 193 194 195 196,2.0782897324706227,0.27874933757286696,0.005946123150314828,0.011643865940585292,97.70555555555555,1887,-1,29 13 11 70 64,27.30494152445476,11.174715976881707,24,ok
124,full_refit_B,5,192 193 194 195 196,2.0858111139459083,0.27239003709591947,0.005714158662397723,0.011193501671403216,99.37555555555555,1887,-1,29 13 11 70 64,27.30494152445476,11.174715976881707,,ok
48,never_refit,5,213 212 210 211 209,1.1666155137061383,0.2452539763981529,0.0029975417649124566,0.0059226951980323765,176.6511111111111,1949,10,103 93 17 25 59,,,,ok
48,cheap_refit_B,5,213 212 214 215 211,1.1201522030911202,0.41097998973832733,0.0055191516629803416,0.010892031547457165,160.36666666666667,1949,10,103 93 17 25 59,71.0568585230759,10.997710798771838,24,ok
48,full_refit_B,5,213 212 214 215 211,1.1262953162144709,0.409440738840431,0.005522223836907554,0.010897470912765609,159.67666666666668,1949,10,103 93 17 25 59,71.0568585230759,10.997710798771838,,ok
55,never_refit,5,130 131 133 132 134,1.464282902628628,0.17141321869962386,0.005392521468659138,0.010456102397692445,65.37444444444445,1861,10,132 85 13 11 29,,,,ok
55,cheap_refit_B,5,133 132 134 135 137,1.3201610211032013,0.36808167651800106,0.00823802479825859,0.016115371947489764,91.6288888888889,1861,10,132 85 13 11 29,89.78431180790767,11.11663314904256,24,ok
55,full_refit_B,5,133 132 210 211 134,1.657476726981334,0.2525523911875336,0.006260573042238888,0.012218265006369097,82.89222222222222,1861,10,132 85 13 11 29,89.78431180790767,11.11663314904256,,ok
65,never_refit,5,198 199 201 200 202,0.6010456234307111,0.7562862669245648,0.5658465991316932,0.6473509933774835,1.0,1551,10,112 82 70 64 128,,,,ok
65,cheap_refit_B,5,200 201 198 199 203,0.6450346265655346,0.8833010960670535,0.6514503090822634,0.7498631636562672,0.8144444444444444,1551,10,112 82 70 64 128,13.820747619498093,11.123681284625372,24,ok
65,full_refit_B,5,200 201 198 199 203,0.6307861725471698,0.9097356544165055,0.65263644773358,0.7600323188796122,0.8344444444444444,1551,10,112 82 70 64 128,13.820747619498093,11.123681284625372,,ok
32,never_refit,5,199 198 200 201 203,0.7432597357216371,0.5191256830601093,0.3048128342245989,0.3840970350404313,2.1666666666666665,1647,10,112 64 82 70 17,,,,ok
32,cheap_refit_B,5,200 201 199 198 203,0.8267093930486609,0.7455980570734669,0.4018324607329843,0.5222198596640442,2.031111111111111,1647,10,112 64 82 70 17,11.534946174264633,11.021422499307695,24,ok
32,full_refit_B,5,200 201 199 198 203,0.8187398636058203,0.74802671523983,0.39690721649484534,0.5186276573352978,2.08,1647,10,112 64 82 70 17,11.534946174264633,11.021422499307695,,ok
69,never_refit,5,136 137 139 138 140,0.7873599045587087,0.38685678859268446,0.01658824467660898,0.03181238847820545,41.10333333333333,1613,9,11 132 13 85 29,,,,ok
69,cheap_refit_B,5,137 136 139 138 140,1.1336432271993488,0.16491010539367637,0.051480549641958584,0.07846607669616519,5.445555555555556,1613,9,11 132 13 85 29,20.439506881094758,11.012135681492566,24,ok
69,full_refit_B,5,137 136 139 138 140,1.1269551482240878,0.16924984500929943,0.05163608851900889,0.07913043478260869,5.571111111111111,1613,9,11 132 13 85 29,20.439506881094758,11.012135681492566,,ok
156,never_refit,5,234 235 233 232 237,2.1997201793153067,0.4900398406374502,0.004821544070088787,0.00954913339673544,169.25,1506,5,56 123 133 84 91,,,,ok
156,cheap_refit_B,5,234 235 236 237 239,1.9907179336127365,0.7363877822045153,0.007097145782669909,0.014058795938288349,172.39,1506,5,56 123 133 84 91,18.049504560266996,11.05226609641064,24,ok
156,full_refit_B,5,234 235 236 237 239,2.341560730958389,0.6918990703851262,0.00729845205575401,0.014444536859907403,157.47555555555556,1506,5,56 123 133 84 91,18.049504560266996,11.05226609641064,,ok
18,never_refit,5,232 233 234 235 236,0.9891236020750668,0.43044982698961937,0.0026858041003851667,0.005338299725789909,256.62888888888887,1445,10,123 133 56 91 84,,,,ok
18,cheap_refit_B,5,235 234 233 232 236,1.1156647567013298,0.29619377162629756,0.002572857555063961,0.005101402289671448,184.36,1445,10,123 133 56 91 84,54.883997013437124,11.161582967619418,24,ok
18,full_refit_B,5,235 234 233 232 236,1.1274491914377125,0.2968858131487889,0.0025415143634069325,0.005039884399854325,187.07555555555555,1445,10,123 133 56 91 84,54.883997013437124,11.161582967619418,,ok
96,never_refit,5,290 291 288 292 289,1.9475723086938945,0.06974858069748581,0.010627780523974296,0.01844504021447721,8.895555555555555,1233,13,91 56 133 84 123,,,,ok
96,cheap_refit_B,5,295 294 293 292 291,1.4749926766920796,0.7785888077858881,0.028030015474904378,0.054111944084324445,36.98777777777778,1233,13,91 56 133 84 123,14.75023226095982,11.023021660487977,20,ok
96,full_refit_B,5,295 294 293 292 291,1.4052637544648117,0.7923763179237632,0.026512170633090013,0.05130763575254701,39.86,1233,13,91 56 133 84 123,14.75023226095982,11.023021660487977,,ok
135,never_refit,5,219 218 217 216 215,0.9657901553840879,0.36623376623376624,0.009379677365707634,0.01829090319442192,66.18444444444444,1540,10,80 49 25 59 93,,,,ok
135,cheap_refit_B,5,220 221 219 218 216,1.2996707282017659,0.462987012987013,0.012485553181802262,0.024315383828394092,62.65888888888889,1540,10,80 49 25 59 93,27.575417709525823,11.07460554574705,24,ok
135,full_refit_B,5,220 221 219 218 216,1.217585576480102,0.5590909090909091,0.012389915385943705,0.02424259488681158,76.25666666666666,1540,10,80 49 25 59 93,27.575417709525823,11.07460554574705,,ok
83,never_refit,5,128 129 130 131 210,1.774343120380969,0.22580645161290322,0.004437298041095255,0.008703563305534496,71.54666666666667,1271,10,136 132 122 85 90,,,,ok
83,cheap_refit_B,5,128 131 129 130 132,1.4253711374435831,0.23052714398111723,0.006742607294902773,0.01310199883736529,47.95777777777778,1271,10,136 132 122 85 90,78.51323335740506,11.091037463159015,24,ok
83,full_refit_B,5,128 131 129 130 210,1.3048657745425978,0.3029110936270653,0.00514389546535553,0.010116005622922605,82.73444444444445,1271,10,136 132 122 85 90,78.51323335740506,11.091037463159015,,ok
14,never_refit,5,136 137 139 138 140,0.9844422896789179,0.12114989733059549,0.03825372811757078,0.058147174770039424,4.944444444444445,1461,10,13 11 132 85 29,,,,ok
14,cheap_refit_B,5,139 138 137 136 141,0.9722324050442276,0.23887748117727584,0.09697138093914977,0.13794466403162056,3.611111111111111,1461,10,13 11 132 85 29,15.797631234123514,11.078486568276361,24,ok
14,full_refit_B,5,139 138 137 136 141,1.0067350107588782,0.20944558521560575,0.1034133153092261,0.13846153846153847,2.9477777777777776,1461,10,13 11 132 85 29,15.797631234123514,11.078486568276361,,ok
88,never_refit,5,128 129 131 130 127,1.6480313486971954,0.2977291841883936,0.11951384199864956,0.17056131052758372,2.897777777777778,1189,13,136 122 90 86 132,,,,ok
88,cheap_refit_B,5,129 128 131 130 126,1.6151166448491776,0.3162321278385198,0.15771812080536912,0.21046739434648754,2.2311111111111113,1189,12,136 122 90 86 132,51.36412298782693,11.264235016952387,24,ok
88,full_refit_B,5,129 128 131 130 126,1.62336286992579,0.3170731707317073,0.1600169779286927,0.2126939351198872,2.198888888888889,1189,12,136 122 90 86 132,51.36412298782693,11.264235016952387,,ok
94,never_refit,5,128 129 130 131 127,0.9180356948949475,0.5953125,0.03543856385452516,0.06689491703976824,23.044444444444444,1280,10,136 128 132 122 85,,,,ok
94,cheap_refit_B,5,130 131 128 129 133,0.8967793125398733,0.7140625,0.0455133950801713,0.08557251193708455,21.297777777777778,1280,10,136 128 132 122 85,25.98683614900733,11.058249312054247,24,ok
94,full_refit_B,5,130 131 128 129 133,0.9102214507224045,0.68046875,0.04364820846905537,0.08203437720744054,21.204444444444444,1280,10,136 128 132 122 85,25.98683614900733,11.058249312054247,,ok
58,never_refit,5,212 213 207 206 211,1.195678258061808,0.5195439739413681,0.004834871701602025,0.00958058654813569,145.9111111111111,1228,14,17 103 82 93 59,,,,ok
58,cheap_refit_B,5,212 213 206 207 210,0.9562803659616741,0.6034201954397395,0.0058241438665713,0.011536934538405848,140.54222222222222,1228,13,17 103 82 93 59,13.759326137506037,11.060232506819723,24,ok
58,full_refit_B,5,212 213 206 207 210,1.2922862797526835,0.43159609120521175,0.00602663088591474,0.011887272768052393,97.12555555555555,1228,13,17 103 82 93 59,13.759326137506037,11.060232506819723,,ok
73,never_refit,5,115 114 113 112 110,0.7519389734162922,0.21158690176322417,0.007553503986571549,0.014586287731890142,36.78888888888889,1191,12,72 90 86 122 136,,,,ok
73,cheap_refit_B,5,115 114 113 112 124,4.395863554210569,0.007556675062972292,0.0297029702970297,0.012048192771084336,0.32666666666666666,1191,13,72 90 86 122 136,14.025276187389295,11.002403546101547,20,ok
73,full_refit_B,5,115 114 113 112 297,0.7790231796280805,0.5927791771620488,0.01799459652342356,0.03492888064316635,42.80888888888889,1191,-6,72 90 86 122 136,14.025276187389295,11.002403546101547,,ok
2,never_refit,5,115 114 116 117 112,0.8038944247132617,0.6061359867330016,0.008185431946699512,0.016152732817005667,98.41555555555556,1206,11,72 128 90 86 122,,,,ok
2,cheap_refit_B,5,116 117 115 114 119,1.172158891612389,0.6243781094527363,0.008391374602997716,0.016560187374231646,98.86888888888889,1206,12,72 128 90 86 122,23.725208896981258,11.171476454788408,22,ok
2,full_refit_B,5,116 117 115 114 119,1.1427405793593948,0.6094527363184079,0.007788987325675046,0.015381395835513238,104.03222222222222,1206,12,72 128 90 86 122,23.725208896981258,11.171476454788408,,ok
79,never_refit,5,221 220 222 223 225,1.2657628318738103,0.19524617996604415,0.004026610644257703,0.007890493670451816,63.21111111111111,1178,10,35 95 80 84 49,,,,ok
79,cheap_refit_B,5,223 222 221 220 224,3.3558290611977966,0.013582342954159592,0.013675213675213675,0.01362862010221465,1.2822222222222222,1178,10,35 95 80 84 49,24.973060853443826,11.031522935669422,24,ok
79,full_refit_B,5,223 222 221 220 224,3.136785932864131,0.016129032258064516,0.00923226433430515,0.011742892459826947,2.2655555555555558,1178,10,35 95 80 84 49,24.973060853443826,11.031522935669422,,ok
36,never_refit,5,205 204 206 207 209,7.813769310100682,0.0040192926045016075,0.004240882103477523,0.004127115146512587,1.3044444444444445,1244,10,128 17 103 93 82,,,,ok
36,cheap_refit_B,5,206 207 209 208 211,1.2271746076422174,0.362540192926045,0.002509933995970749,0.00498535345161112,199.15,1244,10,128 17 103 93 82,19.858417125310098,11.0807492211574,24,ok
36,full_refit_B,5,206 207 209 208 211,1.2459398525173295,0.3641479099678457,0.002594888127670787,0.005153056001092038,193.46777777777777,1244,10,128 17 103 93 82,19.858417125310098,11.0807492211574,,ok
145,never_refit,5,289 288 239 238 291,1.4937442387584832,0.02936378466557912,0.018090452261306532,0.02238805970149254,2.171111111111111,1226,10,91 56 133 123 108,,,,ok
145,cheap_refit_B,5,288 289 290 291 238,1.2713634991038347,0.05138662316476346,0.0061284046692607,0.01095080827394403,11.352222222222222,1226,10,91 56 133 123 108,9.96485000812686,11.009666992206975,20,ok
145,full_refit_B,5,288 289 290 291 238,1.2655871084467973,0.05138662316476346,0.006760382015237687,0.011948790896159316,10.284444444444444,1226,10,91 56 133 123 108,9.96485000812686,11.009666992206975,,ok
53,never_refit,5,218 219 217 216 215,1.3280065437706245,0.34394904458598724,0.7093596059113301,0.46327077747989276,0.19666666666666666,1256,15,25 59 103 80 49,,,,ok
53,cheap_refit_B,5,220 221 219 218 216,1.5807148474070842,0.3073248407643312,0.8464912280701754,0.45093457943925236,0.07777777777777778,1256,15,25 59 103 80 49,25.01091840037907,11.007571964196778,24,ok
53,full_refit_B,5,220 221 219 218 216,1.4880299596220468,0.3089171974522293,0.754863813229572,0.4384180790960452,0.14,1256,15,25 59 103 80 49,25.01091840037907,11.007571964196778,,ok
43,never_refit,5,221 220 219 218 222,0.38334022876568774,0.22388059701492538,0.0052197408552187175,0.010201632261161785,53.99777777777778,1139,10,80 95 49 25 35,,,,ok
43,cheap_refit_B,5,220 221 222 223 219,0.37237670579593335,0.21685689201053557,0.011899026881202429,0.022560168059551536,22.79,1139,9,80 95 49 25 35,33.09881600413382,11.145263726538143,24,ok
43,full_refit_B,5,220 221 222 223 219,0.4116945339873513,0.18525021949078138,0.01316117764471058,0.024576320540446103,17.57888888888889,1139,9,80 95 49 25 35,33.09881600413382,11.145263726538143,,ok
44,never_refit,5,110 111 137 136 134,2.2464780829251136,0.1280746395250212,0.0018731702476058156,0.003692337787776162,89.4011111111111,1179,10,13 85 11 132 29,,,,ok
44,cheap_refit_B,5,137 136 139 138 134,2.177383168619714,0.07803223070398643,0.0030874555339284516,0.005939890886786972,33.00666666666667,1179,10,13 85 11 132 29,79.07276881589792,11.03623687319398,24,ok
44,full_refit_B,5,112 113 137 136 139,2.4249776261070446,0.08396946564885496,0.002577118313158922,0.005000757690559176,42.57333333333333,1179,10,13 85 11 132 29,79.07276881589792,11.03623687319398,,ok
146,never_refit,5,208 209 228 229 230,5.761367984752287,0.028469750889679714,0.0016555434838843189,0.0031291253116902166,21.441111111111113,1124,10,72 90 122 86 136,,,,ok
146,cheap_refit_B,5,114 115 116 117 113,16.642916467517892,0.012455516014234875,0.0016034818462948115,0.002841197361745307,9.685555555555556,1124,10,72 90 122 86 136,121.62850187338915,11.192491350867925,24,ok
146,full_refit_B,5,229 228 210 231 211,6.500431472024516,0.029359430604982206,0.0020536436617088804,0.003838771593090211,17.817777777777778,1124,10,72 90 122 86 136,121.62850187338915,11.192491350867925,,ok
158,never_refit,5,199 198 200 201 203,0.7852745573924558,0.6241496598639455,0.19485001327316168,0.2969856362532875,3.37,1176,10,82 112 128 17 70,,,,ok
158,cheap_refit_B,5,204 205 202 203 200,1.1097944182942538,0.8741496598639455,0.583427922814983,0.6997957794417972,0.8155555555555556,1176,18,82 112 128 17 70,13.350692487431047,10.998238719790221,24,ok
158,full_refit_B,5,204 205 202 203 200,1.1313557978969362,0.8477891156462585,0.6142945163277881,0.7123972847445516,0.6955555555555556,1176,18,82 112 128 17 70,13.350692487431047,10.998238719790221,,ok
16,never_refit,5,115 114 116 117 112,0.7149381128796031,0.6381322957198443,0.005534323774813765,0.010973477973586705,130.97444444444446,1028,10,72 90 86 122 136,,,,ok
16,cheap_refit_B,5,116 117 114 115 118,1.0240403965044829,0.745136186770428,0.005589853612971963,0.01109646390751981,151.4088888888889,1028,10,72 90 86 122 136,44.37978272868639,11.044435758478393,22,ok
16,full_refit_B,5,116 117 114 115 118,1.050191989520432,0.6371595330739299,0.005071268746273973,0.010062448631583799,142.78222222222223,1028,10,72 90 86 122 136,44.37978272868639,11.044435758478393,,ok
38,never_refit,5,193 192 196 197 194,2.0002436724193564,0.5740418118466899,0.008154124081269025,0.01607983798160213,89.06555555555556,1148,6,64 70 29 11 13,,,,ok
38,cheap_refit_B,5,198 199 197 196 192,1.7461124938867014,0.5548780487804879,0.009751393056150878,0.019165964616680707,71.87444444444445,1148,6,64 70 29 11 13,28.431848093537496,11.123233787342162,24,ok
38,full_refit_B,5,198 199 197 196 192,1.7419978077678309,0.5966898954703833,0.010199827272998004,0.020056803209088515,73.85888888888888,1148,6,64 70 29 11 13,28.431848093537496,11.123233787342162,,ok
3,never_refit,5,193 192 143 142 194,0.664865291457946,1.0,1.0,1.0,0.0,1135,14,29 64 13 11 70,,,,ok
3,cheap_refit_B,5,192 193 143 142 194,0.5642575939643634,1.0,1.0,1.0,0.0,1135,11,29 64 13 11 70,13.098423800587739,11.027966547236412,24,ok
3,full_refit_B,5,192 193 143 142 194,0.5718035496057065,1.0,1.0,1.0,0.0,1135,12,29 64 13 11 70,13.098423800587739,11.027966547236412,,ok
31,never_refit,5,289 288 238 239 290,0.8580318868024753,0.9725274725274725,0.9915966386554622,0.9819694868238558,0.01,1092,14,56 91 133 123 108,,,,ok
31,cheap_refit_B,5,289 288 291 290 238,0.8357936567762785,0.9633699633699634,0.9952696310312205,0.9790600279199628,0.005555555555555556,1092,14,56 91 133 123 108,2.12771482539506,10.935541482453774,20,ok
31,full_refit_B,5,289 288 291 290 238,0.846323251135062,0.9606227106227107,0.9962013295346629,0.9780885780885781,0.0044444444444444444,1092,14,56 91 133 123 108,2.12771482539506,10.935541482453774,,ok
127,never_refit,5,209 141 227 226 228,6.970185813174437,0.011869436201780416,0.0019730351857941467,0.0033836176512054136,6.7444444444444445,1011,10,84 108 35 123 95,,,,ok
127,cheap_refit_B,5,228 229 227 226 233,9.667504293919917,0.003956478733926805,0.0037071362372567192,0.003827751196172249,1.1944444444444444,1011,6,84 108 35 123 95,51.42959940048968,11.143411258829993,24,ok
127,full_refit_B,5,143 142 228 229 227,1.5896921239060606,0.456973293768546,0.0017794690865392023,0.0035451333069878264,287.96222222222224,1011,6,84 108 35 123 95,51.42959940048968,11.143411258829993,,ok
105,never_refit,5,136 137 192 193 142,1.1356709359964374,0.21364452423698385,0.1161542215714983,0.15049004110022132,2.0122222222222224,1114,10,29 13 11 70 64,,,,ok
105,cheap_refit_B,5,137 136 192 193 139,1.5729255612869926,0.20377019748653502,0.20487364620938628,0.2043204320432043,0.9788888888888889,1114,10,29 13 11 70 64,59.284061069065956,11.024799504633753,24,ok
105,full_refit_B,5,137 136 192 193 139,1.5784959812808608,0.20466786355475763,0.18431689571544058,0.19396001701403656,1.1211111111111112,1114,10,29 13 11 70 64,59.284061069065956,11.024799504633753,,ok
46,never_refit,5,127 126 124 125 123,1.0232423956256753,0.3522975929978118,0.0029062683334085473,0.005764978649884968,122.74777777777778,914,12,136 122 86 90 132,,,,ok
46,cheap_refit_B,5,127 126 124 125 123,0.759705906722387,0.7056892778993435,0.006753219558161449,0.013378412013606572,105.40555555555555,914,11,136 122 86 90 132,10.609095819113008,10.833482408647914,24,ok
46,full_refit_B,5,127 126 124 125 123,0.8354826714204434,0.7221006564551422,0.0076057019717206175,0.015052856051362171,95.68555555555555,914,11,136 122 86 90 132,10.609095819113008,10.833482408647914,,ok
12,never_refit,5,199 198 197 196 192,2.0542123276791253,0.4600197433366239,0.0037088917895004934,0.007358456303244194,139.08666666666667,1013,10,64 70 29 13 11,,,,ok
12,cheap_refit_B,5,200 201 198 199 192,1.8976660846839295,0.5044422507403751,0.003291974282658833,0.006541260504739534,171.90555555555557,1013,10,64 70 29 13 11,16.02397229888402,11.27480278152056,24,ok
12,full_refit_B,5,200 201 229 228 227,4.687122007557464,0.04738400789733465,0.0018130311614730878,0.0034924330616996507,29.363333333333333,1013,10,64 70 29 13 11,16.02397229888402,11.27480278152056,,ok
99,never_refit,5,294 295 293 292 291,1.614943650166478,0.017591339648173207,0.0040347610180012415,0.006563998990154002,3.5655555555555556,739,10,91 56 133 123 108,,,,ok
99,cheap_refit_B,5,295 294 296 297 293,1.6481688201840123,0.02571041948579161,0.061488673139158574,0.03625954198473283,0.32222222222222224,739,10,91 56 133 123 108,19.554950250670345,10.936157857993095,16,ok
99,full_refit_B,5,295 294 296 297 293,1.319040867951463,0.05548037889039242,0.029688631426502535,0.038679245283018866,1.488888888888889,739,10,91 56 133 123 108,19.554950250670345,10.936157857993095,,ok
27,never_refit,5,210 211 208 209 288,7.515125467809447,0.012484394506866416,0.0018556318426424198,0.0032310177705977385,5.976666666666667,801,13,91 56 133 123 84,,,,ok
27,cheap_refit_B,5,290 291 288 289 239,6.915014476091814,0.01373283395755306,0.0028482651475919213,0.004717992708556723,4.278888888888889,801,13,91 56 133 123 84,93.75850009474186,10.965592501023693,22,ok
27,full_refit_B,5,210 211 208 209 290,7.14050711543806,0.009987515605493134,0.0031658092599920855,0.004807692307692308,2.798888888888889,801,10,91 56 133 123 84,93.75850009474186,10.965592501023693,,ok
155,never_refit,5,123 122 125 124 121,1.0111876956515031,0.7039187227866474,0.005056086068137276,0.010040056721145189,106.04333333333334,689,10,122 90 136 86 72,,,,ok
155,cheap_refit_B,5,122 123 127 126 125,1.70984757239111,0.12481857764876633,0.006240928882438317,0.011887483585596792,15.215555555555556,689,10,122 90 136 86 72,8.531704965109839,11.128513995766532,24,ok
155,full_refit_B,5,122 123 127 126 125,1.869042200677805,0.10014513788098693,0.006136060471320587,0.011563599798893917,12.417777777777777,689,10,122 90 136 86 72,8.531704965109839,11.128513995766532,,ok
26,never_refit,5,205 204 207 206 209,0.7329076512909053,0.6275579809004093,0.003490295461098381,0.006941981633931199,145.92666666666668,733,10,82 17 112 103 93,,,,ok
26,cheap_refit_B,5,205 204 206 207 209,0.8406194410364495,0.607094133697135,0.0031657501405023937,0.0062986553432413305,155.6911111111111,733,10,82 17 112 103 93,18.869807397144655,10.852896883492985,24,ok
26,full_refit_B,5,205 204 206 207 209,0.8511357426433142,0.6016371077762619,0.0031790428269692405,0.006324666198172874,153.64444444444445,733,10,82 17 112 103 93,18.869807397144655,10.852896883492985,,ok
75,never_refit,5,209 208 211 210 141,0.8019394586599085,0.7721088435374149,0.014758788088942829,0.02896393331064988,50.51222222222222,882,9,93 25 103 59 128,,,,ok
75,cheap_refit_B,5,210 211 208 209 212,0.7699788468247695,0.8424036281179138,0.01369610499732714,0.0269539823329887,59.45111111111111,882,10,93 25 103 59 128,12.88537075717386,11.074133294974745,24,ok
75,full_refit_B,5,210 211 208 209 212,1.1513124532032606,0.5215419501133787,0.016492184138821166,0.031973309237506076,30.48,882,10,93 25 103 59 128,12.88537075717386,11.074133294974745,,ok
15,never_refit,5,289 288 239 238 291,0.595832309886487,0.10391822827938671,0.003471431823355338,0.00671843163169778,19.456666666666667,587,10,91 56 133 123 84,,,,ok
15,cheap_refit_B,5,289 288 291 290 239,0.5955645886521789,0.10902896081771721,0.006778224952340606,0.012762987336723501,10.42,587,10,91 56 133 123 84,26.02167139768585,10.908967463054353,22,ok
15,full_refit_B,5,289 288 291 290 239,0.5765367456765464,0.12436115843270869,0.00705177743431221,0.013346741018374622,11.421111111111111,587,10,91 56 133 123 84,26.02167139768585,10.908967463054353,,ok
51,never_refit,5,198 199 192 193 197,0.9583058063276411,1.0,1.0,1.0,0.0,721,11,64 29 70 13 11,,,,ok
51,cheap_refit_B,5,198 199 192 193 197,0.7482795287805077,1.0,1.0,1.0,0.0,721,10,64 29 70 13 11,12.464273977174685,11.064481938206997,24,ok
51,full_refit_B,5,198 199 192 193 197,0.7596243838296097,1.0,1.0,1.0,0.0,721,10,64 29 70 13 11,12.464273977174685,11.064481938206997,,ok
24,never_refit,5,112 113 110 111 209,3.5748828798632086,0.12131715771230503,0.0007878180815504259,0.001565470200156547,98.64777777777778,577,10,108 95 35 84 123,,,,ok
24,cheap_refit_B,5,222 223 224 225 226,6.622010668296733,0.01386481802426343,0.003838771593090211,0.006012777151446823,2.3066666666666666,577,4,108 95 35 84 123,3.1975981628928594,11.105451521344854,24,ok
24,full_refit_B,5,113 112 211 210 222,6.343987622860071,0.006932409012131715,0.003367003367003367,0.004532577903682719,1.3155555555555556,577,10,108 95 35 84 123,3.1975981628928594,11.105451521344854,,ok
7,never_refit,5,237 236 234 235 238,1.8661242534345983,0.02773497688751926,0.004157043879907622,0.007230367543683472,4.791111111111111,649,16,56 133 91 123 108,,,,ok
7,cheap_refit_B,5,237 236 239 238 235,2.6096595329543875,0.02157164869029276,0.022727272727272728,0.022134387351778657,0.6688888888888889,649,15,56 133 91 123 108,11.1452694171835,11.094683797633824,24,ok
7,full_refit_B,5,237 236 239 238 235,2.6830124812061054,0.02157164869029276,0.028282828282828285,0.024475524475524476,0.5344444444444445,649,15,56 133 91 123 108,11.1452694171835,11.094683797633824,,ok
102,never_refit,5,204 205 203 202 207,1.6737683888176715,0.1725417439703154,0.0029809603179691006,0.005860667359863881,34.56111111111111,539,13,112 82 128 17 103,,,,ok
102,cheap_refit_B,5,205 204 202 203 206,1.5074601268282497,0.21150278293135436,0.003496610741342821,0.006879488262627482,36.09888888888889,539,13,112 82 128 17 103,10.915340829550587,10.810560438363153,24,ok
102,full_refit_B,5,205 204 202 203 206,1.5610114191426816,0.18552875695732837,0.0035811488325454806,0.007026666198222254,30.915555555555557,539,13,112 82 128 17 103,10.915340829550587,10.810560438363153,,ok
60,never_refit,5,119 112 110 113 118,2.978371274269196,0.1292372881355932,0.000604169761798643,0.0012027169573232647,112.11555555555556,472,10,108 35 84 123 133,,,,ok
60,cheap_refit_B,5,233 232 234 235 237,1.4131199757591886,0.4915254237288136,0.0010856188261278504,0.0021664526672113926,237.19,472,10,108 35 84 123 133,7.049776454863718,10.743742667269181,24,ok
60,full_refit_B,5,112 115 113 114 117,13.582594454004461,0.00211864406779661,0.009615384615384616,0.003472222222222222,0.11444444444444445,472,10,108 35 84 123 133,7.049776454863718,10.743742667269181,,ok
0,never_refit,5,212 213 214 215 216,0.9239242915292424,0.7704918032786885,0.031406615436017374,0.06035313001605136,16.105555555555554,610,10,59 93 25 49 17,,,,ok
0,cheap_refit_B,5,213 212 219 218 214,0.8952893211821181,0.8557377049180328,0.02814623099320608,0.054499895594069744,20.026666666666667,610,10,59 93 25 49 17,10.7495559210181,11.060813030893193,24,ok
0,full_refit_B,5,213 212 219 218 214,0.9053169885328202,0.8803278688524591,0.025652049297793064,0.04985146676568882,22.663333333333334,610,10,59 93 25 49 17,10.7495559210181,11.060813030893193,,ok
100,never_refit,5,221 220 218 219 223,1.1059047801437893,0.3235294117647059,0.75625,0.45318352059925093,0.043333333333333335,374,10,49 80 95 35 25,,,,ok
100,cheap_refit_B,5,221 220 223 222 219,0.7990647165997492,0.6096256684491979,0.5277777777777778,0.56575682382134,0.22666666666666666,374,10,49 80 95 35 25,27.770135045551115,10.927070725327054,24,ok
100,full_refit_B,5,221 220 223 222 219,0.7360885709906018,0.6443850267379679,0.5617715617715617,0.6002490660024907,0.2088888888888889,374,10,49 80 95 35 25,27.770135045551115,10.927070725327054,,ok
138,never_refit,5,132 133 130 131 135,0.8346343650372984,0.09302325581395349,0.00319860424542018,0.006184552674116242,15.235555555555555,473,10,132 85 11 13 136,,,,ok
138,cheap_refit_B,5,132 133 135 134 123,0.9711171151371182,0.2769556025369979,0.006247615413964136,0.012219579310666482,23.15222222222222,473,10,132 85 11 13 136,7.915556361190738,11.112402477986514,24,ok
138,full_refit_B,5,132 133 135 134 297,0.9402341570732894,0.3023255813953488,0.0041410865284373915,0.008170261391229824,38.21,473,10,132 85 11 13 136,7.915556361190738,11.112402477986514,,ok
92,never_refit,5,208 209 142 143 192,2.4076812267303467,0.38765432098765434,0.00046804616067994885,0.0009349634649626908,372.53333333333336,405,10,56 133 91 123 84,,,,ok
92,cheap_refit_B,5,226 227 239 238 229,9.286299672272202,0.0024691358024691358,0.000778816199376947,0.0011841326228537595,1.4255555555555555,405,10,56 133 91 123 84,75.31560357774356,11.094115395519754,24,ok
92,full_refit_B,5,208 209 142 143 192,2.508828476698921,0.2419753086419753,0.0004535063444612067,0.0009053159598889602,239.99555555555557,405,10,56 133 91 123 84,75.31560357774356,11.094115395519754,,ok
66,never_refit,5,213 212 214 215 216,0.7271482003648302,0.8643006263048016,0.005945798446049778,0.011810349746106006,76.90555555555555,479,15,103 59 17 93 25,,,,ok
66,cheap_refit_B,5,213 212 215 214 216,0.7892591188062726,0.8580375782881002,0.005843546506668183,0.011608038072105404,77.69222222222223,479,15,103 59 17 93 25,10.714832468877034,11.226886282954979,24,ok
66,full_refit_B,5,213 212 215 214 216,0.7759281948562192,0.8977035490605428,0.006029248867763149,0.011978049527842,78.76555555555555,479,15,103 59 17 93 25,10.714832468877034,11.226886282954979,,ok
67,never_refit,5,215 239 238 233 232,7.42565426488441,0.010282776349614395,0.0019723865877712033,0.00330988829127017,2.2488888888888887,389,13,56 91 133 123 108,,,,ok
67,cheap_refit_B,5,293 292 290 291 288,2.5623773892725925,0.43444730077120824,0.0013081204090004876,0.002608386967325709,143.36,389,10,56 91 133 123 108,35.19553148352338,11.211305626175655,22,ok
67,full_refit_B,5,217 213 212 216 215,19.405029123389955,0.005141388174807198,0.0024271844660194173,0.003297609233305853,0.9133333333333333,389,10,56 91 133 123 108,35.19553148352338,11.211305626175655,,ok
154,never_refit,5,209 208 220 222 221,3.5083987770039666,0.0027100271002710027,0.005025125628140704,0.0035211267605633804,0.22,369,10,95 35 84 108 123,,,,ok
154,cheap_refit_B,5,223 222 225 224 226,2.509474357887733,0.005420054200542005,0.00546448087431694,0.005442176870748299,0.40444444444444444,369,10,95 35 84 108 123,7.50393866438435,10.855357003452031,24,ok
154,full_refit_B,5,211 210 223 222 225,2.328301495088762,0.005420054200542005,0.0032679738562091504,0.004077471967380225,0.6777777777777778,369,10,95 35 84 108 123,7.50393866438435,10.855357003452031,,ok
114,never_refit,5,133 132 134 135 137,0.684720550922609,0.20754716981132076,0.10173410404624278,0.1365399534522886,0.8633333333333333,424,10,85 132 13 11 29,,,,ok
114,cheap_refit_B,5,133 132 134 135 136,0.7697362268564669,0.3632075471698113,0.2614601018675722,0.3040473840078973,0.48333333333333334,424,11,85 132 13 11 29,10.689526538982705,11.182365890314,24,ok
114,full_refit_B,5,133 132 134 135 136,0.7550016953128351,0.42924528301886794,0.2959349593495935,0.3503368623676612,0.4811111111111111,424,12,85 132 13 11 29,10.689526538982705,11.182365890314,,ok
150,never_refit,5,208 209 112 113 137,2.6789298265327486,0.13216957605985039,0.0009642850644979349,0.0019146015461310596,61.01111111111111,401,10,13 85 11 132 29,,,,ok
150,cheap_refit_B,5,136 137 135 134 138,2.3379856592337056,0.04987531172069826,0.0018462106526354657,0.003560619547801317,12.014444444444445,401,10,13 85 11 132 29,3.1151649247540263,10.965958594375076,24,ok
150,full_refit_B,5,112 113 211 210 136,3.7811995136030543,0.02493765586034913,0.000829737802854298,0.0016060387055328034,13.38,401,10,13 85 11 132 29,3.1151649247540263,10.965958594375076,,ok
98,never_refit,5,208 209 211 210 237,8.928509298624157,0.002890173410404624,0.0019047619047619048,0.002296211251435132,0.5822222222222222,346,10,133 56 91 123 84,,,,ok
98,cheap_refit_B,5,236 237 238 239 235,0.9641738670558913,0.5780346820809249,0.0009150637799454622,0.0018272349367319902,242.62666666666667,346,10,133 56 91 123 84,14.0969797289996,10.643724685068719,24,ok
98,full_refit_B,5,208 209 211 210 236,8.557556231339987,0.002890173410404624,0.0012285012285012285,0.0017241379310344827,0.9033333333333333,346,10,133 56 91 123 84,14.0969797289996,10.643724685068719,,ok
131,never_refit,5,128 129 130 131 126,1.0078882299035268,0.9534883720930233,0.008903918344553717,0.017643081084404006,35.495555555555555,301,12,136 122 90 86 132,,,,ok
131,cheap_refit_B,,,,,,,,,,,,,,failed: not enough trajectory bins to register
131,full_refit_B,,,,,,,,,,,,,,failed: not enough trajectory bins to register
34,never_refit,5,234 235 233 232 227,2.9102312183062655,0.017006802721088437,0.0011138338159946536,0.0020907380305247754,4.982222222222222,294,14,35 95 84 123 108,,,,ok
34,cheap_refit_B,,,,,,,,,,,,,,failed: not enough trajectory bins to register
34,full_refit_B,,,,,,,,,,,,,,failed: not enough trajectory bins to register
19,never_refit,5,224 195 225 194 192,2.66874567402005,0.02027027027027027,0.0005131713992473486,0.001001001001001001,12.984444444444444,296,10,56 133 91 84 123,,,,ok
19,cheap_refit_B,5,226 227 225 224 216,2.792041323117018,0.02027027027027027,0.00046382189239332097,0.0009068923821039902,14.366666666666667,296,10,56 133 91 84 123,66.01390409389148,11.111847597061866,24,ok
19,full_refit_B,5,194 226 227 195 112,3.17212944248813,0.02027027027027027,0.0008089524066334097,0.0015558148580318942,8.234444444444444,296,10,56 133 91 84 123,66.01390409389148,11.111847597061866,,ok
139,never_refit,5,143 142 192 193 141,0.9216370765059084,0.26409495548961426,0.035557331202556934,0.06267605633802818,2.6822222222222223,337,10,13 64 29 11 70,,,,ok
139,cheap_refit_B,5,193 192 143 142 140,0.9605249744390943,0.314540059347181,0.04612706701479547,0.08045540796963946,2.4355555555555557,337,10,13 64 29 11 70,7.587293479311256,10.994143735764244,24,ok
139,full_refit_B,5,193 192 143 142 140,0.9322439858615322,0.35014836795252224,0.0541036221916552,0.09372517871326448,2.292222222222222,337,10,13 64 29 11 70,7.587293479311256,10.994143735764244,,ok
125,never_refit,5,128 129 211 208 210,1.2361170798398324,0.21338912133891214,0.0009802037286181049,0.0019514434942317627,57.754444444444445,239,10,136 86 122 90 132,,,,ok
125,cheap_refit_B,,,,,,,,,,,,,,failed: not enough trajectory bins to register
125,full_refit_B,,,,,,,,,,,,,,failed: not enough trajectory bins to register
22,never_refit,5,126 127 124 125 123,2.6488207330878786,0.888030888030888,0.05644171779141104,0.10613751730502999,4.272222222222222,259,15,136 122 86 72 128,,,,ok
22,cheap_refit_B,,,,,,,,,,,,,,failed: not enough trajectory bins to register
22,full_refit_B,,,,,,,,,,,,,,failed: not enough trajectory bins to register
119,never_refit,5,209 208 113 112 210,6.9041951370948516,0.006600660066006601,0.0005538631957906397,0.0010219724067450178,4.01,303,10,29 70 64 13 11,,,,ok
119,cheap_refit_B,,,,,,,,,,,,,,failed: not enough trajectory bins to register
119,full_refit_B,,,,,,,,,,,,,,failed: not enough trajectory bins to register
89,never_refit,5,220 221 222 223 224,0.574949963747419,0.009478672985781991,0.0005497526113249038,0.0010392309690828788,4.04,211,7,95 35 108 80 84,,,,ok
89,cheap_refit_B,,,,,,,,,,,,,,failed: not enough trajectory bins to register
89,full_refit_B,,,,,,,,,,,,,,failed: not enough trajectory bins to register
147,never_refit,5,193 192 143 142 195,0.9810579948118057,0.8629629629629629,0.02084824624194703,0.04071291280796785,12.158888888888889,270,10,29 11 64 13 70,,,,ok
147,cheap_refit_B,5,192 193 143 142 194,0.9508762454824896,0.9,0.035402097902097904,0.06812447434819176,7.3566666666666665,270,10,29 11 64 13 70,4.829111013694728,10.823381947198213,24,ok
147,full_refit_B,5,192 193 143 142 194,0.9524162471698465,0.8629629629629629,0.030425698615826585,0.05877901109989909,8.25,270,10,29 11 64 13 70,4.829111013694728,10.823381947198213,,ok
137,never_refit,5,221 220 219 218 216,0.5466331944479763,0.2851985559566787,0.005085946050344428,0.009993674889310564,17.17111111111111,277,12,49 25 80 59 95,,,,ok
137,cheap_refit_B,,,,,,,,,,,,,,failed: not enough trajectory bins to register
137,full_refit_B,,,,,,,,,,,,,,failed: not enough trajectory bins to register
39,never_refit,5,221 220 222 223 218,0.3985117121303391,0.5056179775280899,0.8490566037735849,0.6338028169014085,0.017777777777777778,178,10,80 49 95 35 25,,,,ok
39,cheap_refit_B,,,,,,,,,,,,,,failed: not enough trajectory bins to register
39,full_refit_B,,,,,,,,,,,,,,failed: not enough trajectory bins to register
4,never_refit,5,118 204 202 203 205,5.735368757865335,0.0049261083743842365,0.0006618133686300463,0.0011668611435239206,1.6777777777777778,203,10,17 112 82 103 93,,,,ok
4,cheap_refit_B,,,,,,,,,,,,,,failed: not enough trajectory bins to register
4,full_refit_B,,,,,,,,,,,,,,failed: not enough trajectory bins to register
106,never_refit,5,193 192 194 195 196,4.462012598780639,0.009950248756218905,0.0010934937124111536,0.0019704433497536944,2.03,201,10,29 64 13 70 11,,,,ok
106,cheap_refit_B,,,,,,,,,,,,,,failed: not enough trajectory bins to register
106,full_refit_B,,,,,,,,,,,,,,failed: not enough trajectory bins to register
5,never_refit,5,212 213 211 210 208,0.7412367141415833,0.8495575221238938,0.0022702549307099277,0.004528408688884171,93.75555555555556,226,10,59 93 80 103 25,,,,ok
5,cheap_refit_B,,,,,,,,,,,,,,failed: not enough trajectory bins to register
5,full_refit_B,,,,,,,,,,,,,,failed: not enough trajectory bins to register
28,never_refit,5,117 116 119 118 110,1.97053380094944,0.08196721311475409,0.0004156189605369797,0.0008270443502532824,53.44555555555556,244,10,128 82 103 17 93,,,,ok
28,cheap_refit_B,,,,,,,,,,,,,,failed: not enough trajectory bins to register
28,full_refit_B,,,,,,,,,,,,,,failed: not enough trajectory bins to register
71,never_refit,5,128 129 131 130 209,0.8203596345691351,0.6649484536082474,0.004234228320094531,0.00841487279843444,33.70777777777778,194,10,136 132 122 86 85,,,,ok
71,cheap_refit_B,,,,,,,,,,,,,,failed: not enough trajectory bins to register
71,full_refit_B,,,,,,,,,,,,,,failed: not enough trajectory bins to register
40,never_refit,5,136 137 135 134 139,0.6416162043437752,0.004694835680751174,0.0048543689320388345,0.00477326968973747,0.22777777777777777,213,10,132 85 13 11 29,,,,ok
40,cheap_refit_B,,,,,,,,,,,,,,failed: not enough trajectory bins to register
40,full_refit_B,,,,,,,,,,,,,,failed: not enough trajectory bins to register
120,never_refit,5,136 137 135 134 138,0.9883499309491078,0.12432432432432433,0.00696336663639116,0.013188073394495412,3.6444444444444444,185,10,85 132 11 13 29,,,,ok
120,cheap_refit_B,,,,,,,,,,,,,,failed: not enough trajectory bins to register
120,full_refit_B,,,,,,,,,,,,,,failed: not enough trajectory bins to register
10,never_refit,5,114 115 112 113 111,2.304441104941027,0.016483516483516484,0.010416666666666666,0.012765957446808508,0.31666666666666665,182,11,72 90 86 122 136,,,,ok
10,cheap_refit_B,,,,,,,,,,,,,,failed: not enough trajectory bins to register
10,full_refit_B,,,,,,,,,,,,,,failed: not enough trajectory bins to register
129,never_refit,5,112 113 110 111 235,4.761773466161815,0.005050505050505051,0.002127659574468085,0.0029940119760479044,0.5211111111111111,198,10,82 17 93 128 112,,,,ok
129,cheap_refit_B,,,,,,,,,,,,,,failed: not enough trajectory bins to register
129,full_refit_B,,,,,,,,,,,,,,failed: not enough trajectory bins to register
61,never_refit,5,116 117 119 118 115,0.7495733984991482,0.8272251308900523,0.0015015585797916826,0.0029976758525826494,116.74,191,10,86 90 122 72 136,,,,ok
61,cheap_refit_B,,,,,,,,,,,,,,failed: not enough trajectory bins to register
61,full_refit_B,,,,,,,,,,,,,,failed: not enough trajectory bins to register
1,never_refit,5,130 131 132 133 135,0.6803792494999923,0.480225988700565,0.00494157316435091,0.009782483599953965,19.017777777777777,177,11,132 85 13 11 136,,,,ok
1,cheap_refit_B,,,,,,,,,,,,,,failed: not enough trajectory bins to register
1,full_refit_B,,,,,,,,,,,,,,failed: not enough trajectory bins to register
8,never_refit,5,239 209 208 237 238,2.9694423009580264,0.012658227848101266,0.0005030181086519115,0.0009675858732462507,4.415555555555556,158,10,72 128 90 86 122,,,,ok
8,cheap_refit_B,,,,,,,,,,,,,,failed: not enough trajectory bins to register
8,full_refit_B,,,,,,,,,,,,,,failed: not enough trajectory bins to register
45,never_refit,5,216 217 218 219 215,1.3155305666135102,0.20207253886010362,0.11926605504587157,0.15,0.32,193,13,49 80 25 59 93,,,,ok
45,cheap_refit_B,,,,,,,,,,,,,,failed: not enough trajectory bins to register
45,full_refit_B,,,,,,,,,,,,,,failed: not enough trajectory bins to register
41,never_refit,5,225 141 236 226 140,2.994388512385057,0.0051813471502590676,0.0004095004095004095,0.0007590132827324479,2.712222222222222,193,10,112 82 128 17 70,,,,ok
41,cheap_refit_B,,,,,,,,,,,,,,failed: not enough trajectory bins to register
41,full_refit_B,,,,,,,,,,,,,,failed: not enough trajectory bins to register
57,never_refit,5,129 130 128 131 209,0.727244936393476,0.22941176470588234,0.0001836875992030784,0.00036708128026655747,235.86444444444444,170,10,132 85 136 122 86,,,,ok
57,cheap_refit_B,,,,,,,,,,,,,,failed: not enough trajectory bins to register
57,full_refit_B,,,,,,,,,,,,,,failed: not enough trajectory bins to register
143,never_refit,5,208 209 120 119 122,3.069509624138189,0.010752688172043012,0.000715307582260372,0.0013413816230717639,3.1044444444444443,186,10,85 11 13 132 29,,,,ok
143,cheap_refit_B,,,,,,,,,,,,,,failed: not enough trajectory bins to register
143,full_refit_B,,,,,,,,,,,,,,failed: not enough trajectory bins to register
117,never_refit,5,122 113 121 112 123,1.8869086008233484,0.15,0.0002515535762533424,0.0005022648423911527,119.22888888888889,180,10,123 56 108 133 84,,,,ok
117,cheap_refit_B,,,,,,,,,,,,,,failed: not enough trajectory bins to register
117,full_refit_B,,,,,,,,,,,,,,failed: not enough trajectory bins to register
87,never_refit,5,139 138 137 136 140,0.7062034069439925,0.03067484662576687,0.021551724137931036,0.02531645569620253,0.25222222222222224,163,11,13 11 85 132 29,,,,ok
87,cheap_refit_B,,,,,,,,,,,,,,failed: not enough trajectory bins to register
87,full_refit_B,,,,,,,,,,,,,,failed: not enough trajectory bins to register
